{"cameraMode":{"drawMode":0,"name":"Shaded","section":"Shading Mode"},"sceneLighting":true,"audioPlay":false,"sceneViewState":{"showFog":true,"showMaterialUpdate":true,"showSkybox":true,"showFlares":true,"showImageEffects":true,"showParticleSystems":true},"in2DMode":false,"pivot":{"x":0.7707573175430298,"y":1.905010461807251,"z":-0.6725332736968994},"rotation":{"x":0.4035109281539917,"y":-0.20493966341018678,"z":0.09324910491704941,"w":0.8868478536605835},"size":22.0,"orthographic":false}