{"cameraMode":{"drawMode":0,"name":"Shaded","section":"Shading Mode"},"sceneLighting":true,"audioPlay":false,"sceneViewState":{"showFog":true,"showMaterialUpdate":true,"showSkybox":true,"showFlares":true,"showImageEffects":true,"showParticleSystems":true},"in2DMode":false,"pivot":{"x":1.254873514175415,"y":2.9372944831848146,"z":0.39158639311790469},"rotation":{"x":0.2620137333869934,"y":-0.09736748039722443,"z":0.02658245526254177,"w":0.9597797393798828},"size":8.999711036682129,"orthographic":false}